242	MARKET PASTEUR LEMONT	ALTO DE PALMAS	https://maps.app.goo.gl/D3Lysd6YB3AjiXa66
340	DROGUERIA PASTEUR INDIANA MALL MEDELLIN	ALTO DE PALMAS	https://maps.app.goo.gl/MC8nb3TFNvRgKKRB6
155	FARMACIA PASTEUR VIVA PALMAS	ALTO DE PALMAS	https://maps.app.goo.gl/q6kqT1PVmqwzHgA26
89	FARMACIA PASTEUR ESTACION METRO NIQUIA	BELLO	https://maps.app.goo.gl/swDDAh4GZCxGJRcXA
127	FARMACIA PASTEUR MADERA	BELLO	https://maps.app.goo.gl/zf38gmhyk3oo8ynt7
187	FARMACIA PASTEUR PUERTA DEL NORTE	BELLO	https://maps.app.goo.gl/27Zy48BAxc1jCtbq7
202	FARMACIA PASTEUR E.D.S ZAMORA	BELLO	https://maps.app.goo.gl/4rpd9qTG13VQnS4d9
252	DROGUERIA PASTEUR CABAÑAS	BELLO	https://maps.app.goo.gl/G26cKRPgiiN19rzq7
293	DROGUERIA PASTEUR MAJAGUA BELLO	BELLO	https://maps.app.goo.gl/z94XoUPQhXXDehZf7
336	DROGUERIA PASTEUR MALL ESTACION NIQUIA	BELLO	https://maps.app.goo.gl/nyKRPgcYpwF4SDLZ8
393	DROGUERIA PASTEUR LA 58 CABAÑAS	BELLO	https://maps.app.goo.gl/XYRjgSxGXZqL7FBZA
79	PASTEUR COPACABANA	Zona Norte Lejana	https://maps.app.goo.gl/HeFgCeceUzrpxaPbA
388	DROGUERIA PASTEUR MAXI OFERTAS COPACABANA	Zona Norte Lejana	https://maps.app.goo.gl/oPJnYVo6sd1BTn2C7
32	FARMACIA PASTEUR BELLO	BELLO	https://maps.app.goo.gl/v5o2KN477pev6fFf6
248	DROGUERIA PASTEUR PLAZA FABRICATO	BELLO	https://maps.app.goo.gl/ctBFJBUmcK8nTw2B9
130	FARMACIA PASTEUR CARMEN DE VIBORAL	CARMEN - ZONA 1	https://maps.app.goo.gl/ReQ1yukC6SZ2UheR9
280	DROGUERIA PASTEUR CARMEN DE VIBORAL HOSPITAL	CARMEN - ZONA 1	https://maps.app.goo.gl/aesnCJbHNWpGsaxE7
365	DROGUERIA PASTEUR TEZENDA	CARMEN - ZONA 1	https://maps.app.goo.gl/NhLzyzuAyhHCE68S7
67	FARMACIA PASTEUR BARBOSA	Zona Norte Lejana	https://maps.app.goo.gl/yFRkog93QKs23cHH9
387	DROGUERIA PASTEUR PARQUE DE BARBOSA	Zona Norte Lejana	https://maps.app.goo.gl/F9Q9vz4LznLJBL27A
44	FARMACIA PASTEUR GIRARDOTA	Zona Norte Lejana	https://maps.app.goo.gl/D46jBriPGXmqrYAQ6
8	FARMACIA PASTEUR BOMBONA	Medellin - Zona 2	https://maps.app.goo.gl/ofjHsYBpnY8fwrbQ6
11	FARMACIA PASTEUR (CARABOBO)	Medellin - Zona 2	https://maps.app.goo.gl/ZUB7o1tMBJFDuctq6
12	FARMACIA PASTEUR (ORIENTAL)	Medellin - Zona 2	https://maps.app.goo.gl/n4RckE2F8KSxtnkE7
13	FARMACIA PASTEUR (COLOMBIA)	Medellin - Zona 2	https://maps.app.goo.gl/CSqrTrYvXm7EiQdx8
14	FARMACIA PASTEUR (PICHINCHA)	Medellin - Zona 2	https://maps.app.goo.gl/8sDRfFVYbaj4GxEq5
25	FARMACIA PASTEUR (JUNIN)	Medellin - Zona 2	https://maps.app.goo.gl/qSZaQouM54gLYM9Z9
29	FARMACIA PASTEUR EL PASO	Medellin - Zona 2	https://maps.app.goo.gl/93JKxsJJKH6xhizu8
38	FARMACIA PASTEUR BOSTON	Medellin - Zona 2	https://maps.app.goo.gl/Sfi91aQZqtTNkdjy5
42	FARMACIA PASTEUR BUENOS AIRES	Medellin - Zona 2	https://maps.app.goo.gl/Pz8YmoqGYe5x8XDx9
56	FARMACIA PASTEUR EDIFICIO VASQUEZ	Medellin - Zona 2	https://maps.app.goo.gl/XdojsSNtFDE8JcSi6
57	FARMACIA PASTEUR (MATURIN)	Medellin - Zona 2	https://maps.app.goo.gl/DfWkN1cdRSiiJwjw9
64	DROGAS LA GARANTIA (2)	Medellin - Zona 2	https://maps.app.goo.gl/1sTV47rLf3MjjdR88
69	DROGUERIA PASTEUR PALACIO ARANGO	Medellin - Zona 2	https://maps.app.goo.gl/b9H9efnJ4sJgzUYo6
76	FARMACIA PASTEUR (NUTIBARA)	Medellin - Zona 2	https://maps.app.goo.gl/mvucR5d9og4iDwZh6
85	FARMACIA PASTEUR LA PLAYA	Medellin - Zona 2	https://maps.app.goo.gl/FLmp7QC8ThBQB5FV7
185	FARMACIA PASTEUR LA CENTRAL	Medellin - Zona 2	https://maps.app.goo.gl/QpTTdwtXbPsno2Hp9
88	FARMACIA PASTEUR MANRIQUE	Medellin - Zona 2	https://maps.app.goo.gl/38wDHYQsHh6L5uWw9
118	FARMACIA PASTEUR VILLA HERMOSA	Medellin - Zona 2	https://maps.app.goo.gl/wKuiwzusWXfg4Gjq8
140	FARMACIA PASTEUR BOSQUE PLAZA	Medellin - Zona 2	https://maps.app.goo.gl/UjNis263juSExMmq6
146	FARMACIA PASTEUR TRANVIA	Medellin - Zona 2	https://maps.app.goo.gl/rodWbHQF1qXyDVEe6
149	FARMACIA PASTEUR AVENTURA	Medellin - Zona 2	https://maps.app.goo.gl/fd7F5LtLFSD3Yk1Y8
386	DROGUERIA PASTEUR ARANJUEZ	Medellin - Zona 2	https://maps.app.goo.gl/zraFDb8eC1nTsqw96
18	DROGUERIAS PROMOPRECIOS PARQUE DE SAN ANTONIO	Medellin - Zona 2	https://maps.app.goo.gl/LEZDKWHTciMB5FR76
28	FARMACIA PASTEUR ESTACION METRO	Medellin - Zona 2	https://maps.app.goo.gl/UKn6XrMpwtEbKAaH8
43	FARMACIA PASTEUR FERROCARRIL	Medellin - Zona 2	https://maps.app.goo.gl/z6XTuCrwWHV63qnj6
172	FARMACIA PASTEUR SAN JERONIMO	OCCIDENTE ANTIOQUIA - ZONA 1	https://maps.app.goo.gl/UDHQ4Xegd1Bwii4n6
373	DROGUERIA PASTEUR MALL MADEOCCIDENTE	OCCIDENTE ANTIOQUIA - ZONA 1	https://maps.app.goo.gl/agqxX8WBhK3kyq127
169	DROGUERIA PASTEUR SANTAFE DE ANTIOQUIA	OCCIDENTE ANTIOQUIA - ZONA 1	https://maps.app.goo.gl/QCQNBqFgh1nJJNHUA
273	LA GARANTIA DROGUERIA SANTAFE DE ANTIOQUA	OCCIDENTE ANTIOQUIA - ZONA 1	https://maps.app.goo.gl/niYy39iXjnmsZYqdA
363	DROGUERIA PASTEUR VARIANTE SANTA FE DE ANTIOQUIA	OCCIDENTE ANTIOQUIA - ZONA 1	https://maps.app.goo.gl/MnhYotVQhiqdLinc9
92	FARMACIA PASTEUR SAN ANTONIO DE PRADO	SAN ANTONIO DE PRADO	https://maps.app.goo.gl/1bbQm22RuQu16Xj58
214	MARKET PASTEUR SAN ANTONIO DE PRADO	SAN ANTONIO DE PRADO	https://maps.app.goo.gl/mjyqaqPju7zh3yUG8
380	DROGUERÍA  PASTEUR PRATTO	SAN ANTONIO DE PRADO	https://maps.app.goo.gl/3z4UkhrzAsQurmY88
390	DROGUERIA PASTEUR SANTA ELENA	SANTA ELENA - ZONA 1	https://maps.app.goo.gl/PmmCy73AHLg464fq8
399	DROGUERIA PASTEUR SONSON	SONSON - ZONA 1	https://maps.app.goo.gl/visjBbp9jimoVCwg8
354	DROGUERIA PASTEUR LA DESPENSA	SUR OESTE - CONEXION 1	https://maps.app.goo.gl/nuajatjjCbgqki7s9
310	DROGUERIA PASTEUR CIUDAD BOLIVAR	SUR OESTE - CONEXION 1	https://maps.app.goo.gl/rgHvWsc6EfCJFYJZA
356	DROGUERIA PASTEUR FREDONIA	SUR OESTE - CONEXION 1	https://maps.app.goo.gl/LJTytKmwHKgwdyYQ9
342	DROGUERIA PASTEUR JARDIN	SUR OESTE - CONEXION 1	https://maps.app.goo.gl/AxGQ1CoBskp7tEa2A
360	DROGUERIA PASTEUR COLISEO JARDIN	SUR OESTE - CONEXION 1	https://maps.app.goo.gl/g7Pe2SJpkB5QCfYq5
294	DROGUERIA PASTEUR PARQUE DE URRAO	SUR OESTE - CONEXION 1	https://maps.app.goo.gl/9nFEKafLwXpgwgb5A
397	DROGUERIA PASTEUR ANDES	SUR OESTE - CONEXION 1	https://maps.app.goo.gl/fW6bea4RbSPgEyac6
398	DROGUERIA PASTEUR PARQUE DE JARDIN	SUR OESTE - CONEXION 1	https://maps.app.goo.gl/tnxEnoWYEm8Gua2V9
332	DROGUERIA PASTEUR LA UNION	UNION - ZONA 1	https://maps.app.goo.gl/ZY7Gn2Vz1sWjNkui7
21	FARMACIA PASTEUR (CAMPESTRE)	ZONA 1- ENVIGADO	https://maps.app.goo.gl/BkykfVmA3vQm16SX6
27	FARMACIA PASTEUR (ENVIGADO)	ZONA 1- ENVIGADO	https://maps.app.goo.gl/Y7jipZY9unU9gE6z5
59	FARMACIA PASTEUR GUADALCANAL	ZONA 1- ENVIGADO	https://maps.app.goo.gl/q1t957CpCbrUGN8U8
63	FARMACIA PASTEUR COMPLEX LAS VEGAS	ZONA 1- ENVIGADO	https://maps.app.goo.gl/CrYXCBSXMdA5VZQj9
78	FARMACIA PASTEUR JUMBO LAS VEGAS	ZONA 1- ENVIGADO	https://maps.app.goo.gl/YNd5EJAtAATQ8vx79
80	DROGAS LA GARANTIA LA SEBASTIANA	ZONA 1- ENVIGADO	https://maps.app.goo.gl/GYF1uXXUXdiE5yMC8
83	FARMACIA PASTEUR EURO LA FRONTERA	ZONA 1- ENVIGADO	https://maps.app.goo.gl/3JqMAJ8vSE1gG9GAA
126	FARMACIA PASTEUR GUAYACAN	ZONA 1- ENVIGADO	https://maps.app.goo.gl/NF2SdY2PzS4iwk2J7
207	FARMACIA PASTEUR SAN MARCOS	ZONA 1- ENVIGADO	https://maps.app.goo.gl/p6d9ovkuCqaUBK4J9
261	DROGUERIA PASTEUR ESMERALDAL	ZONA 1- ENVIGADO	https://maps.app.goo.gl/ZgEGjnCoG1gypC376
264	DROGUERIA PASTEUR DISTRITO AVIGNON	ZONA 1- ENVIGADO	https://maps.app.goo.gl/54aFr2oTp9QCn9KT8
337	DROGUERIA PASTEUR ESMERALDAL PLAZA	ZONA 1- ENVIGADO	https://maps.app.goo.gl/ibU8u5cCdtgm25F68
374	DROGUERIA PASTEUR MONTEVENTO	ZONA 1- ENVIGADO	https://maps.app.goo.gl/QU8ga5jxgFNg3Wpe9
70	MARKET PASTEUR FRONTERA	ZONA 1- ENVIGADO	https://maps.app.goo.gl/sYYFy4V5RNUxaNwV6
98	FARMACIA PASTEUR SAN LUCAS	ZONA 1- ENVIGADO	https://maps.app.goo.gl/JG7AULxHKX3vkAPe7
150	FARMACIA PASTEUR PARQUE ENVIGADO	ZONA 1- ENVIGADO	https://maps.app.goo.gl/JUMtEyjeoeU69B9U7
375	MARKET PASTEUR CITY PLAZA	ZONA 1- ENVIGADO	https://maps.app.goo.gl/oX1vLW1qmQ1gvSyZA
378	MARKET PASTEUR GUAYACAN DE AVIGNON	ZONA 1- ENVIGADO	https://maps.app.goo.gl/5TeqTnXFBvNAMBCe6
287	DROGUERIA PASTEUR SANTA MARIA DE LOS ANGELES	ZONA 1- ENVIGADO	https://maps.app.goo.gl/xewNhGb9K9aqcoAz8
196	FARMACIA PASTEUR EAFIT	ZONA 1- POBLADO	https://maps.app.goo.gl/AFyhdVfvkFiTGEiS8
383	SELF BY PASTEUR	ZONA 1- POBLADO	https://maps.app.goo.gl/85xqAV5d818daJ8z6
26	FARMACIA PASTEUR (POBLADO)	ZONA 1- POBLADO	https://maps.app.goo.gl/3AmZPyrMm6EjkTTy5
82	FARMACIA PASTEUR SAN DIEGO	ZONA 1- POBLADO	https://maps.app.goo.gl/KwGFGLSewa3sQfSs7
19	FARMACIA PASTEUR PLATINUM	ZONA 1- POBLADO	https://maps.app.goo.gl/VvJ3UFLURv1XPjzC9
86	FARMACIA PASTEUR TORRE LA VEGA	ZONA 1- POBLADO	https://maps.app.goo.gl/TDLPMshUgAz1q5Ek7
22	FARMACIA PASTEUR (OVIEDO)	ZONA 1- POBLADO	https://maps.app.goo.gl/JvfcnesGMNcUohF18
87	FARMACIA PASTEUR BANCOLOMBIA	ZONA 1- POBLADO	https://maps.app.goo.gl/VQPQyRQL5sHpNrie7
50	DROGUERIA PASTEUR VEGAS 10	ZONA 1- POBLADO	https://maps.app.goo.gl/qnQarfsUP1NLUpzt7
134	FARMACIA PASTEUR SALUD Y SERVICIOS	ZONA 1- POBLADO	https://maps.app.goo.gl/FoQrYMoRj6zmwtHX8
65	FARMACIA PASTEUR DRUG STORE (VERONA)	ZONA 1- POBLADO	https://maps.app.goo.gl/6cW6qmoH2yXWjxft6
144	FARMACIA PASTEUR PALMA GRANDE	ZONA 1- POBLADO	https://maps.app.goo.gl/iHAaCFzAwCPj8cNr9
145	FARMACIA PASTEUR MILLA DE ORO	ZONA 1- POBLADO	https://maps.app.goo.gl/Wq61txubbX1UEBTe9
191	PASTEUR MARKET PUNTO CLAVE	ZONA 1- POBLADO	https://maps.app.goo.gl/mWMr7oKcbtLHS9Hi6
133	FARMACIA PASTEUR OPEN MALL	ZONA 1- POBLADO	https://maps.app.goo.gl/zBNFJPG397XQsXH5A
141	FARMACIA PASTEUR EURO PALMAS	ZONA 1- POBLADO	https://maps.app.goo.gl/jDP75N9vXC6RMUzT6
226	MARKET PASTEUR AMSTERDAM	ZONA 1- POBLADO	https://maps.app.goo.gl/cvEqSQcyJ9CpKkDt8
235	DROGUERIA PASTEUR PREMIUM PLAZA	ZONA 1- POBLADO	https://maps.app.goo.gl/VAaTJhvqbekkHmfG8
241	DROGUERIA PASTEUR CIUDAD DEL RIO	ZONA 1- POBLADO	https://maps.app.goo.gl/zjum7bGdADBGYN1dA
178	FARMACIA PASTEUR ZONA 2	ZONA 1- POBLADO	https://maps.app.goo.gl/z9KeuFcUvkdL85iS8
250	DROGUERIA PASTEUR SALUD VEGAS	ZONA 1- POBLADO	https://maps.app.goo.gl/2BW1MDWxyoqAb17Z6
199	FARMACIA PASTEUR PIAZZA BELLA	ZONA 1- POBLADO	https://maps.app.goo.gl/NWdGvR14PqCCueF9A
201	FARMACIA PASTEUR ALMACENTRO	ZONA 1- POBLADO	https://maps.app.goo.gl/7yT7eCLocEjoKckt7
253	DROGUERIA PASTEUR OVIEDO # 2	ZONA 1- POBLADO	https://maps.app.goo.gl/FrdNDLtDmwB6uwSG8
271	DROGUERIA PASTEUR SANTAFE MEDELLIN	ZONA 1- POBLADO	https://maps.app.goo.gl/NB2gY8iDRzYFUJp56
219	FARMACIA PASTEUR EL TESORO	ZONA 1- POBLADO	https://maps.app.goo.gl/VfTnPaZmejTyaSLt9
223	DROGUERIA PASTEUR LA 10	ZONA 1- POBLADO	https://maps.app.goo.gl/FTqTqshcZuLvfvTe9
239	DROGUERIA PASTEUR MONTERREY	ZONA 1- POBLADO	https://maps.app.goo.gl/KMYFXn5UCyB6UWBe7
286	DROGUERIA PASTEUR OVIEDO # 3	ZONA 1- POBLADO	https://maps.app.goo.gl/WinUX4nRiW461v8p6
325	MARKET PASTEUR PROVENZA	ZONA 1- POBLADO	https://maps.app.goo.gl/HV3qrxT5d3fQUNZS8
329	DROGUERIA PASTEUR CLINICA DEL ROSARIO	ZONA 1- POBLADO	https://maps.app.goo.gl/8yGNLqrBNqHK6bHZA
331	DROGUERIA PASTEUR AV. INDUSTRIALES	ZONA 1- POBLADO	https://maps.app.goo.gl/ZbYrrcHJGi89Em8u9
358	MARKET PASTEUR MANILA	ZONA 1- POBLADO	https://maps.app.goo.gl/JcEw3448wxj1aPHK9
297	DROGUERÍA PASTEUR E.D.S INDUSTRIALES	ZONA 1- POBLADO	https://maps.app.goo.gl/kLtrQvYJGqxWGCSv8
300	DROGUERÍA PASTEUR METROPOLITAN SAN DIEGO	ZONA 1- POBLADO	https://maps.app.goo.gl/Urps1nPAgMtSWpDL7
326	DROGUERIA PASTEUR PADRE MARIANITO	ZONA 1- POBLADO	https://maps.app.goo.gl/AJ3rrePR42aYG2PG8
377	DROGUERÍA  PASTEUR CLINICA LAS VEGAS	ZONA 1- POBLADO	https://maps.app.goo.gl/WfHckPw9is8FYYeh8
151	FARMACIA PASTEUR MEGA PLAZA	SUR SABANETA	https://maps.app.goo.gl/CKqeLEUgKmPox7KZ6
33	FARMACIA PASTEUR CALDAS	CALDAS	https://maps.app.goo.gl/xXiZd9ATFzqnPwPFA
236	FARMACIA PASTEUR LA 49 CALDAS	CALDAS	https://maps.app.goo.gl/gSzU24gpx4dsTjGb6
260	DROGUERIA PASTEUR VARIANTE DE CALDAS	CALDAS	https://maps.app.goo.gl/9Wqh3Ny2eyWgMTvZ8
34	FARMACIA PASTEUR MAYORCA	SUR SABANETA	https://maps.app.goo.gl/U2EhzmmXD6KRZ7SD9
41	FARMACIA PASTEUR PARQUE SABANETA	SUR SABANETA	https://maps.app.goo.gl/uxUk6RtuKfPDq4rN9
137	FARMACIA PASTEUR EURO SABANETA	SUR SABANETA	https://maps.app.goo.gl/wL7R2jbwwDojvA2o9
139	FARMACIA PASTEUR VEGAS PLAZA	SUR SABANETA	https://maps.app.goo.gl/FaRFVwJyU2siDRxd6
190	FARMACIA PASTEUR AVES MARIA	SUR SABANETA	https://maps.app.goo.gl/wKqdzkqk5ChTN34r9
246	DROGUERIA PASTEUR HOSPITAL SABANETA	SUR SABANETA	https://maps.app.goo.gl/wKqdzkqk5ChTN34r9
274	DROGUERIA PASTEUR IGLESIA LOS DOLORES	SUR SABANETA	https://maps.app.goo.gl/CKNnddPJmvuUXc2f9
291	MARKET PASTEUR MALL ZONA SUR SABANETA	SUR SABANETA	https://maps.app.goo.gl/uUKJzyHFfjvXVyBH7
292	DROGUERIA PASTEUR SAN REMO SABANETA	SUR SABANETA	https://maps.app.goo.gl/SNdpHTUVZEbi4eQLA
327	DROGUERIA PASTEUR TRAPICHE SABANETA	SUR SABANETA	https://maps.app.goo.gl/J73a5gVnoRTEeVYw8
350	DROGUERIA PASTEUR LAS VEGAS SABANETA	SUR SABANETA	https://maps.app.goo.gl/fFhYgru8v3BEqw2v8
361	DROGUERIA PASTEUR LIVING SABANETA	SUR SABANETA	https://maps.app.goo.gl/8D2PdLQsvpJZ6zax5
381	DROGUERÍA  PASTEUR NATURE AQUA	SUR SABANETA	https://maps.app.goo.gl/YFGf7772qHqqPw1Z8
400	MARKET PASTEUR AVES MARIA	SUR SABANETA	https://maps.app.goo.gl/SVQrqLCzLE7QQH7y6
46	FARMACIA PASTEUR ESTRELLA	SUR SABANETA	https://maps.app.goo.gl/iGoVhV88o5utuDdEA
389	DROGUERIA PASTEUR GUATAPE	ZONA 1-ORIENTE ANTIOQUEÑO	https://maps.app.goo.gl/5o4z44dLGXyK9xqR7
230	DROGUERIA PASTEUR EL PEÑOL	ZONA 1-ORIENTE ANTIOQUEÑO	https://maps.app.goo.gl/CkLdr7GWMYKZnKeR7
276	DROGUERIA PASTEUR EL PEÑOL CONQUISTADORES	ZONA 1-ORIENTE ANTIOQUEÑO	https://maps.app.goo.gl/U9NDzSrLYtUMdai2A
93	FARMACIA PASTEUR GUARNE	ZONA 1-ORIENTE ANTIOQUEÑO	https://maps.app.goo.gl/eYAvx96quc3ASZ1Z8
231	DROGUERIA PASTEUR EL HATO	ZONA 1-ORIENTE ANTIOQUEÑO	https://maps.app.goo.gl/Z69HreJtS9iawmKh6
338	DROGUERIA PASTEUR PASAJE MARINILLA	ZONA 1-ORIENTE ANTIOQUEÑO	https://maps.app.goo.gl/6M5RtmjrS73QECQJ8
208	FARMACIA PASTEUR EL SANTUARIO	ZONA 1-ORIENTE ANTIOQUEÑO	https://maps.app.goo.gl/cCAHDz1wrtRj6k2q8
72	FARMACIA PASTEUR LA CEJA	ZONA 2-ORIENTE ANTIOQUEÑO	https://maps.app.goo.gl/pfN1aUFhZRWEnzLbA
159	FARMACIA PASTEUR VIVA LA CEJA	ZONA 2-ORIENTE ANTIOQUEÑO	https://maps.app.goo.gl/G4Gop5yqfY59biQ89
259	DROGUERIA PASTEUR TERPEL MONTEMADERO	ZONA 2-ORIENTE ANTIOQUEÑO	https://maps.app.goo.gl/qfS9xxx7q3zfUidg6
279	DROGUERIA PASTEUR LA CEJA PAYUCO	ZONA 2-ORIENTE ANTIOQUEÑO	https://maps.app.goo.gl/8dqJ7gH6ipR5coyy8
298	DROGUERÍA PASTEUR LA CEJA LA CRUZ	ZONA 2-ORIENTE ANTIOQUEÑO	https://maps.app.goo.gl/U9BNfqZpdf2eMzRUA
302	DROGUERÍA PASTEUR LA  CEJA  MALL CIUDAD	ZONA 2-ORIENTE ANTIOQUEÑO	https://maps.app.goo.gl/XQ9uH5Zwa86FQTm58
376	DROGUERIA PASTEUR LA CEJA CARRERA 21	ZONA 2-ORIENTE ANTIOQUEÑO	https://maps.app.goo.gl/QwSYT9jCa5AFxcfd8
391	DROGUERIA PASTEUR COMUNA 13	ZONA 3-BELEN 1	https://maps.app.goo.gl/mXatbTEV7jWSpHyS8
24	FARMACIA PASTEUR (CALAZANS)	ZONA 3-BELEN 1	https://maps.app.goo.gl/X8EGE6U9z7pqxZcJ6
112	FARMACIA PASTEUR FLORIDA	ZONA 3-BELEN 1	https://maps.app.goo.gl/vdoHw51QqCsBizMk9
102	FARMACIA PASTEUR SAN JAVIER	ZONA 3-BELEN 1	https://maps.app.goo.gl/ampGwCahCpBQpcnYA
111	FARMACIA PASTEUR TERMINAL DEL NORTE	ZONA 3-BELEN 1	https://maps.app.goo.gl/y7z5TN2cJqkymR23A
114	FARMACIA PASTEUR EURO FLORIDA	ZONA 3-BELEN 1	https://maps.app.goo.gl/bJ3FbfzB96dpWLht5
119	FARMACIA PASTEUR SURAMERICANA	ZONA 3-BELEN 1	https://maps.app.goo.gl/ZpesJdrQCiMmuv4Q8
135	FARMACIA PASTEUR PILARICA BLUE	ZONA 3-BELEN 1	https://maps.app.goo.gl/ux2Vqj2bNY4a8xmk7
175	FARMACIA PASTEUR SANTANA	ZONA 3-BELEN 1	https://maps.app.goo.gl/uxr8uqhqt6d9Lumy6
251	DROGUERIA PASTEUR MIXY	ZONA 3-BELEN 1	https://maps.app.goo.gl/cKeaSkDUfgmMmXCx6
198	FARMACIA PASTEUR ALMENDRA	ZONA 3-BELEN 1	https://maps.app.goo.gl/AwGBu2L3ptAFAhL8A
221	DROGUERIA PASTEUR SAN JUAN	ZONA 3-BELEN 1	https://maps.app.goo.gl/7hMo8CQeifzhccB48
355	MARKET PASTEUR FLORIDA	ZONA 3-BELEN 1	https://maps.app.goo.gl/C9RxWyRBBJMZVR5z7
289	DROGUERIA PASTEUR SAN JUAN # 2	ZONA 3-BELEN 1	https://maps.app.goo.gl/4EjEo3EccMvKqR9v6
318	MARKET PASTEUR SAN GERMAN	ZONA 3-BELEN 1	https://maps.app.goo.gl/9C9pw5sQwQso7QZdA
321	DROGUERIA PASTEUR OBELISCO	ZONA 3-BELEN 1	https://maps.app.goo.gl/tXpPonh6Ayjztpcu7
154	FARMACIA PASTEUR EURO LAURELES	ZONA 3-BELEN 1	https://maps.app.goo.gl/PRUCecvsVGNjmC1Q8
168	DROGUERIA PASTEUR LA 78	ZONA 3-BELEN 1	https://maps.app.goo.gl/EBNMUGq2pEvwbz2b6
285	MARKET PASTEUR LAURELES	ZONA 3-BELEN 1	https://maps.app.goo.gl/EM3aFcdQAUMKtGfm7
290	DROGUERIA PASTEUR AVENIDA JARDIN LAURELES	ZONA 3-BELEN 1	https://maps.app.goo.gl/zcgBBLez3QhDcbTWA
392	DROGUERIA PASTEUR CASTILLA	ZONA 3-BELEN 1	https://maps.app.goo.gl/tJkSWVZa6bkFqR7z6
68	FARMACIA PASTEUR SAN CRISTOBAL	ZONA 3-BELEN 1	https://maps.app.goo.gl/6EYZBTHBzGKS3cwdA
255	DROGUERIA PASTEUR AEROPUERTO OLAYA HERRERA	ZONA 3-BELEN 2	https://maps.app.goo.gl/awFAhDRwAcJuV3RP6
17	FARMACIA PASTEUR CR 70	ZONA 3-BELEN 2	https://maps.app.goo.gl/a48PHzPBAoDTSaYd7
58	FARMACIA PASTEUR GRAN VIA	ZONA 3-BELEN 2	https://maps.app.goo.gl/VY3LbSUKUvJfvwNZA
66	DROGAS LA GARANTIA (GUAYABAL)	ZONA 3-BELEN 2	https://maps.app.goo.gl/ppsbUvFQsGN6CmTN7
104	FARMACIA PASTEUR ARBOLEDA DEL RODEO	ZONA 3-BELEN 2	https://maps.app.goo.gl/pjAuqdCpY8FgxhYR7
125	FARMACIA PASTEUR CANTABRIA	ZONA 3-BELEN 2	https://maps.app.goo.gl/tFB3oBdwvFeZpLtH9
128	FARMACIA PASTEUR TERMINAL DEL SUR	ZONA 3-BELEN 2	https://maps.app.goo.gl/w2PiKbxipZCVXSTW6
216	FARMACIA PASTEUR ARKADIA	ZONA 3-BELEN 2	https://maps.app.goo.gl/wGyrvEGpZ1j1NiT16
136	FARMACIA PASTEUR EURO LOMA DE LOS BERNAL	ZONA 3-BELEN 2	https://maps.app.goo.gl/Fe5Rc3kTLv29xqnK8
275	MARKET PASTEUR BELEN LA PALMA	ZONA 3-BELEN 2	https://maps.app.goo.gl/vZ5yciysUd5jAXw39
357	DROGUERIA PASTEUR URBANITY	ZONA 3-BELEN 2	https://maps.app.goo.gl/nr1DguHNhd3VeWWc6
379	DROGUERIA PASTEUR PLAZA LOS BERNAL	ZONA 3-BELEN 2	https://maps.app.goo.gl/x8dUqCQGKvueyp4p8
48	FARMACIA PASTEUR LOS MOLINOS	ZONA 3-BELEN 2	https://maps.app.goo.gl/zzYoidouZY3zY7cP9
31	FARMACIA PASTEUR VILLA DEL ABURRA	ZONA 3-BELEN 2	https://maps.app.goo.gl/d8iEfguN2dxnCq7N9
52	FARMACIA PASTEUR SIMON BOLIVAR	ZONA 3-BELEN 2	https://maps.app.goo.gl/ayG3enXuoGh4qEwF7
73	DROGAS LA GARANTIA (BELEN)	ZONA 3-BELEN 2	https://maps.app.goo.gl/1Kr5Dx8nY2BZX6vv6
335	DROGUERIA PASTEUR UNICENTRO MEDELLIN	ZONA 3-BELEN 2	https://maps.app.goo.gl/ALzbgiRqSD2b42pM9
351	DROGUERIA PASTEUR LA 76 BELEN	ZONA 3-BELEN 2	https://maps.app.goo.gl/cQRVCKFXK24BXsai8
47	FARMACIA PASTEUR EURO MAYORISTA	ZONA 3-ITAGUI	https://maps.app.goo.gl/MTzqAq9ddSvMT4XA8
90	FARMACIA PASTEUR DITAIRES	ZONA 3-ITAGUI	https://maps.app.goo.gl/LaY2ZhKrmzdmf9hK9
110	FARMACIA PASTEUR LA 52	ZONA 3-ITAGUI	https://maps.app.goo.gl/HH1sXj9UBLMC6NjC9
121	FARMACIA PASTEUR SANTA MARIA	ZONA 3-ITAGUI	https://maps.app.goo.gl/tsSukqXNb2sX3dpYA
186	FARMACIA PASTEUR ARRAYANES	ZONA 3-ITAGUI	https://maps.app.goo.gl/XYXuVGNANNC4msKk8
200	FARMACIA PASTEUR LISBOA	ZONA 3-ITAGUI	https://maps.app.goo.gl/83pi2f36BUfFxLTW9
215	FARMACIA PASTEUR AUTOPISTA SUR	ZONA 3-ITAGUI	https://maps.app.goo.gl/irYzYp9D4mTxNVSR9
222	DROGUERIA PASTEUR ESTACION 52	ZONA 3-ITAGUI	https://maps.app.goo.gl/KTxfwN6bLG1wKtAg6
320	MARKET PASTEUR ENTRE HOJAS	ZONA 3-ITAGUI	https://maps.app.goo.gl/ukuQnvU7VwM5qQv56
359	FARMACIA PASTEUR MONTEFARO	ZONA 3-ITAGUI	https://maps.app.goo.gl/zCABM4oT7gUinML19
30	FARMACIA PASTEUR ITAGUI	ZONA 3-ITAGUI	https://maps.app.goo.gl/DPEUng4kgRpSju8ZA
148	FARMACIA PASTEUR AEROPUERTO JMC	ZONA 3-ORIENTE ANTIOQUEÑO	https://maps.app.goo.gl/kyHB4B1zJjB4Db9A6
61	FARMACIA PASTEUR SAVANNA	ZONA 3-ORIENTE ANTIOQUEÑO	https://maps.app.goo.gl/R8H4M4Kkgvj3TJ297
91	LA GARANTIA SAN NICOLAS	ZONA 3-ORIENTE ANTIOQUEÑO	https://maps.app.goo.gl/Ba5Q4HJw1Nh9jYq69
108	FARMACIA PASTEUR SAN FRANCISCO	ZONA 3-ORIENTE ANTIOQUEÑO	https://maps.app.goo.gl/9ZrGJrwvdfxTCcSd8
204	FARMACIA PASTEUR SAN ANTONIO DE PEREIRA	ZONA 3-ORIENTE ANTIOQUEÑO	https://maps.app.goo.gl/cXGdXwS7ttfjBc8a9
232	DROGUERIA PASTEUR PARQUE DE RIONEGRO	ZONA 3-ORIENTE ANTIOQUEÑO	https://maps.app.goo.gl/jGTEBvyyH5nQSQrL8
266	DROGUERIA PASTEUR LOS CEREZOS	ZONA 3-ORIENTE ANTIOQUEÑO	https://maps.app.goo.gl/3w9eF4GQ86SLQ9ZE8
288	DROGUERIA PASTEUR PLAZA RIOGRANDE RIONEGRO	ZONA 3-ORIENTE ANTIOQUEÑO	https://maps.app.goo.gl/8g6CNMv3xsahCWMBA
296	DROGUERIA PASTEUR SAN BARTOLO SAN ANTONIO DE PEREI	ZONA 3-ORIENTE ANTIOQUEÑO	https://maps.app.goo.gl/gLdtYfNYejEdkJ859
312	MARKET PASTEUR CLINICA LLANO GRANDE	ZONA 3-ORIENTE ANTIOQUEÑO	https://maps.app.goo.gl/cDg6scXgiCu1uy1s9
341	MARKET PASTEUR SAN NICOLAS	ZONA 3-ORIENTE ANTIOQUEÑO	https://maps.app.goo.gl/yCfj62HigvxDao3q9
343	DROGUERIA PASTEUR CLINICA SOMER	ZONA 3-ORIENTE ANTIOQUEÑO	https://maps.app.goo.gl/9tUf1Dx4LPWKUYDW6
366	DROGUERIA PASTEUR RIO DEL ESTE	ZONA 3-ORIENTE ANTIOQUEÑO	https://maps.app.goo.gl/NScaFqXzgxiHDyCY6
371	DROGUERIA PASTEUR VIVARI	ZONA 3-ORIENTE ANTIOQUEÑO	https://maps.app.goo.gl/gegLRwzYV9QvAy2n9
206	FARMACIA PASTEUR JARDINES DE LLANOGRANDE	ZONA 4-ORIENTE ANTIOQUEÑO	https://maps.app.goo.gl/ALLQcHcrd8otTQiv7
51	FARMACIA PASTEUR LLANO GRANDE	ZONA 4-ORIENTE ANTIOQUEÑO	https://maps.app.goo.gl/bNEMzc2dPx1xv1NG6
132	FARMACIA PASTEUR MEDICAL CENTER	ZONA 4-ORIENTE ANTIOQUEÑO	https://maps.app.goo.gl/XniGnZGfhCkJv3VF6
220	FARMACIA PASTEUR AEROCENTRO	ZONA 4-ORIENTE ANTIOQUEÑO	https://maps.app.goo.gl/7ZcF7SCMQPbzSLTE8
227	DROGUERIA PASTEUR BUEN GENIO	ZONA 4-ORIENTE ANTIOQUEÑO	https://maps.app.goo.gl/vg9QmGfXgFGMwbrPA
256	DROGUERIA PASTEUR CASA DEL GRANJERO	ZONA 4-ORIENTE ANTIOQUEÑO	https://maps.app.goo.gl/CurYhbhhuRPgLHza8
258	DROGUERIA PASTEUR PONTEZUELA	ZONA 4-ORIENTE ANTIOQUEÑO	https://maps.app.goo.gl/emf1nnSQeHDLapfh7
131	FARMACIA PASTEUR ESSO EL RETIRO	ZONA 5-ORIENTE ANTIOQUEÑO	https://maps.app.goo.gl/cNZoxdciEpQbGjaf7
217	DROGUERIA PASTEUR PARQUE EL RETIRO	ZONA 5-ORIENTE ANTIOQUEÑO	https://maps.app.goo.gl/yw4CtsE5HTJYFdPs5
323	DROGUERIA PASTEUR MADEROS DEL RETIRO	ZONA 5-ORIENTE ANTIOQUEÑO	https://maps.app.goo.gl/nnU81am9mCjjgFs18
346	DROGUERIA PASTEUR ALAMEDA EL RETIRO	ZONA 5-ORIENTE ANTIOQUEÑO	https://maps.app.goo.gl/gUZFKeHeBUp2rtG8A
352	DROGUERIA PASTEUR LA CANTALETA	ZONA 5-ORIENTE ANTIOQUEÑO	https://maps.app.goo.gl/S1BizWS1UHZPJKwV7
401	DROGUERIA PASTEUR SOPETRAN	OCCIDENTE ANTIOQUIA - ZONA 1	https://maps.app.goo.gl/nZgaP7twG5NckduM7
313	MARKET PASTEUR DON DIEGO	ZONA 5-ORIENTE ANTIOQUEÑO	https://maps.app.goo.gl/TTbsCiyawBWU3fjQ6
